{"vocab_size": 18, "d_model": 8, "W_emb": [[0.0018988998582607304, 0.0041524996140281266, 0.010153201000002395, 0.0007323513133159076, 0.0014086323668302864, -0.001560874893872125, 0.002585490928967229, -0.009369222627111862], [0.009408045610411718, 0.003803857491257193, -0.006507664234505304, -0.001926488457169754, 0.0015547464618594815, 0.0066842778887183365, -1.331151988023273e-05, -0.005123653301398846], [0.0022455131114335948, 0.0019583133518151596, 0.008228242419882067, -0.008759959037728042, -0.0012157129456085859, -0.0042669351801459515, -0.0036621648870583923, -0.006508714210865976], [0.0004955593949448041, 0.0005263108665081764, 0.001937687168751852, -0.0039252414848940115, -0.007909627252173881, -0.007656103503808264, -0.0012448774267363458, 0.0034500337638746466], [0.002395199804958128, 0.004089445072959368, -0.0005101508040581256, 0.007946568070177242, -0.00675031935738311, -0.005935490329507883, 0.009300797585671991, 0.006542349781790789], [0.004471809011843652, -0.004111553700575939, -0.004948587253271857, -0.003153446106676742, -0.009487903293846703, 0.004998509286600703, -0.0011637998649609263, -0.001432009447517737], [0.007566414611256711, -0.010337239019294705, 0.0033014257138046, 0.005379841193300562, 0.002869363501976862, 0.012385491778928974, 0.004712147968370602, -0.003513735060758065], [-0.006846951458633107, -0.006809409284043017, -0.0026033914574124426, 0.006827342836402665, -0.003505435745749073, -0.00376676943507054, -0.009295219144741386, -0.0033074872189553903], [0.0036252539093303833, 0.010118929527987283, 0.004961943515526271, -0.0019957671149725604, 0.008075227062866803, 0.007917541190800063, -0.0002619013200046101, -0.008470342113876754], [-0.009650443781831126, 0.005731902309448503, -0.00580460746681155, -0.005927338594939728, -0.006399495463811875, -0.002125041377631204, 0.002219661998680605, 0.005897288289208612], [0.0014503328435546325, 0.008696882680347543, 0.00469350960441621, -0.007899186743942957, 0.0039270606940382796, 0.002877088636058086, -0.0024724072062209893, -0.008933937762580776], [-0.007544839038178515, -0.007065019960235094, -0.006500996913211988, 0.0005761402531226442, -0.0018891116524717814, -0.00909705665128568, -0.005646531559050409, 0.0009800582259571248], [0.008862954514126074, 0.0029725304644692813, -0.0009674563154687761, -0.002765945158561306, 0.006487210994379043, -0.008803076279485423, 0.0032175169665545874, -0.002732549901489263], [0.006983598805014007, -0.004564178046054483, -0.003761930918980514, 0.0077397753006656096, -0.004219271168280417, -0.011249762550306738, 0.0057719873163476765, 0.006665566712695128], [0.008487979320053211, -0.004796461995135372, 0.0011961466245639422, -0.00529423105016655, -0.006386650401864185, 0.011101442826404137, 0.0009939773810956633, 0.0016810930662234985], [-0.005862159093037846, 0.007463622551789028, 0.002755683140721152, 0.006494885468232261, -0.0017221537141025743, 0.002155065289770083, -0.00592562604251891, -0.00029260573765737554], [0.0025194592257422924, -0.0023703274962225403, 0.005831150592510294, -0.010306415941242644, -0.00654411824542791, -0.0006154681827238405, -0.003876017448122728, 0.004860199248753114], [0.008395479538363332, -0.006412358146474327, -0.008788340923143685, 0.008293291738990266, -0.009054254271434563, 0.0017179504835424988, 0.006033826385668175, 0.003998447266078757]], "b_emb": [[0.005034565017809454, -0.001673893878890011, -0.0005411981698937293, 0.0019569086891991464, 0.002606271102356158, -0.005242111770389466, -0.001304431534386595, -0.00801942830946382]], "W_out": [[0.00046804055757354546, -0.007686133223713001, 0.004569779209527968, 0.002622917774157091, 0.0012667879869614938, 0.0010032069741469812, 0.00349514264561563, 0.003860362077695698, -0.002124122288081786, -0.0005370858459987344, 0.0028433937733355467, -0.002298991921356555, 0.0011925598540706995, -0.0033900263000779664, 0.0018908597623401003, -0.0007695454686429149, 0.0024883460096324994, -0.009493478558429141], [0.00035963082022976984, 0.00873646735861177, 0.004436412845804831, -0.00818059322432708, -0.00570160785567061, -0.007706273905222209, -0.0077395946331158105, -0.001031129686124549, -0.00623371540278514, -0.006591837213799203, -0.0016758567557120403, 0.0005090703249813139, 0.006940520941334719, -0.005234752697570934, -0.0028664751669584586, -0.006613772583523904, 0.006822806520274577, 0.0006187288454183234], [-0.003299508649062802, -0.004184390961846117, -0.006324167003335347, 0.004530912225078807, -0.0044248793471010186, 0.006094565764477508, -0.007043216670831716, -0.0032836091090970372, 0.006218306101926267, 0.0012593210556388836, 0.0017914299292490755, -0.007465653970341094, 0.0016485564505775597, -0.0002472629273190068, -0.004286798613534142, 0.00279779594221287, -0.00852840195107206, -0.005311106756207882], [-0.008328134510514723, 0.007771962420493095, 0.007640749301568312, -0.005642508497867029, 0.0038367277048828533, 0.00585016347572089, -0.00719298103265175, 0.009509251061496426, 0.005665216607456837, 0.002424171857382349, -0.0011152890174368035, -0.008616006724630846, 0.0006154342219071747, 0.00782760360810492, -0.00790646048714297, -0.007389702161971031, 0.007795387193821251, 0.007451670316982181], [0.004984033489826161, -0.0055414607306376665, 0.003364947473684841, -0.008094048193764391, -0.003979389974219512, 0.006614516544370427, 0.003907818074009781, 0.000764343834889909, 0.0024869512297627347, 0.0031145204987072395, 0.0054907839272775524, -0.005999055798607303, -0.006596046574902347, -0.004592535567497512, -0.0008153079016118239, 0.0006789110288621071, -0.004433246376196003, 0.0008507635636040736], [-0.0071538968456231625, -0.008840225372002937, 0.005241753263366135, 0.005905717388793474, -0.009868793448266935, 0.007351754969893055, -0.009593312937646845, -0.008921360488848925, -0.007622946071089902, 0.008314761482326018, -0.008402284539322498, 0.005552617130023646, 0.002948945155340204, -0.0016047958166408485, 0.009685553300304017, 0.006324110870456461, -0.004704443294384282, 0.003045997635916489], [-0.007296140233536499, 0.008781652934816503, -0.0041555579226734436, -0.0030940909847857324, -0.002221827529226898, -0.00286476218099201, 0.0022865565300991004, 0.009557469001038049, -0.005025157890644725, 0.00578877839492264, -0.00967388453167181, 0.007528857752205632, 0.004132388665075893, -0.0020684123940329885, 0.0029252814472655432, 0.009472221984371948, 0.006843479611402267, -0.008212241019071235], [0.00733050236930374, -0.007255310322484963, 0.003877693652756251, 0.003419348480742489, 0.008239846756210267, -0.006360906789351406, -0.004812049422295035, -0.007550548032097411, -0.0004834609267641107, 0.009485653158897865, -0.0004571078953179342, 0.004828994591808245, -0.0024221575506675444, 0.0017751083460934684, -0.006507818835507048, 0.001418554959425464, -0.009672987505679442, -0.0015469050148065075]], "b_out": [[-0.09651980607267009, -0.09652179702702555, -0.09651941123927893, 0.04942830413047538, 0.04943304978967486, 0.19337947014559895, 0.19337151990339277, 0.04941885300043362, -0.09652839899608277, -0.09650954557061873, 0.19337639798557962, -0.2443040571394792, -0.09652564312660405, -0.09652186709932312, 0.04942737350139243, -0.09651945158321752, 0.335148180690377, -0.09651317129262514]]}